hdi_rank,country,iso3c,year,hdi,iso2dhs,countryname,iso2c,region,continent
170,Afghanistan,AFG,2010,0.464,AF,Afghanistan,AF,Southern Asia,Asia
170,Afghanistan,AFG,2011,0.465,AF,Afghanistan,AF,Southern Asia,Asia
170,Afghanistan,AFG,2012,0.479,AF,Afghanistan,AF,Southern Asia,Asia
170,Afghanistan,AFG,2013,0.485,AF,Afghanistan,AF,Southern Asia,Asia
170,Afghanistan,AFG,2014,0.488,AF,Afghanistan,AF,Southern Asia,Asia
170,Afghanistan,AFG,2015,0.49,AF,Afghanistan,AF,Southern Asia,Asia
170,Afghanistan,AFG,2016,0.491,AF,Afghanistan,AF,Southern Asia,Asia
170,Afghanistan,AFG,2017,0.493,AF,Afghanistan,AF,Southern Asia,Asia
170,Afghanistan,AFG,2018,0.496,AF,Afghanistan,AF,Southern Asia,Asia
69,Albania,ALB,2010,0.74,AL,Albania,AL,Southern Europe,Europe
69,Albania,ALB,2011,0.759,AL,Albania,AL,Southern Europe,Europe
69,Albania,ALB,2012,0.771,AL,Albania,AL,Southern Europe,Europe
69,Albania,ALB,2013,0.781,AL,Albania,AL,Southern Europe,Europe
69,Albania,ALB,2014,0.787,AL,Albania,AL,Southern Europe,Europe
69,Albania,ALB,2015,0.788,AL,Albania,AL,Southern Europe,Europe
69,Albania,ALB,2016,0.788,AL,Albania,AL,Southern Europe,Europe
69,Albania,ALB,2017,0.789,AL,Albania,AL,Southern Europe,Europe
69,Albania,ALB,2018,0.791,AL,Albania,AL,Southern Europe,Europe
149,Angola,AGO,2010,0.51,AO,Angola,AO,Middle Africa,Africa
149,Angola,AGO,2011,0.525,AO,Angola,AO,Middle Africa,Africa
149,Angola,AGO,2012,0.537,AO,Angola,AO,Middle Africa,Africa
149,Angola,AGO,2013,0.547,AO,Angola,AO,Middle Africa,Africa
149,Angola,AGO,2014,0.557,AO,Angola,AO,Middle Africa,Africa
149,Angola,AGO,2015,0.565,AO,Angola,AO,Middle Africa,Africa
149,Angola,AGO,2016,0.57,AO,Angola,AO,Middle Africa,Africa
149,Angola,AGO,2017,0.576,AO,Angola,AO,Middle Africa,Africa
149,Angola,AGO,2018,0.574,AO,Angola,AO,Middle Africa,Africa
81,Armenia,ARM,2010,0.729,AM,Armenia,AM,Western Asia,Asia
81,Armenia,ARM,2011,0.733,AM,Armenia,AM,Western Asia,Asia
81,Armenia,ARM,2012,0.737,AM,Armenia,AM,Western Asia,Asia
81,Armenia,ARM,2013,0.743,AM,Armenia,AM,Western Asia,Asia
81,Armenia,ARM,2014,0.746,AM,Armenia,AM,Western Asia,Asia
81,Armenia,ARM,2015,0.748,AM,Armenia,AM,Western Asia,Asia
81,Armenia,ARM,2016,0.751,AM,Armenia,AM,Western Asia,Asia
81,Armenia,ARM,2017,0.758,AM,Armenia,AM,Western Asia,Asia
81,Armenia,ARM,2018,0.76,AM,Armenia,AM,Western Asia,Asia
87,Azerbaijan,AZE,2010,0.732,AZ,Azerbaijan,AZ,Western Asia,Asia
87,Azerbaijan,AZE,2011,0.731,AZ,Azerbaijan,AZ,Western Asia,Asia
87,Azerbaijan,AZE,2012,0.736,AZ,Azerbaijan,AZ,Western Asia,Asia
87,Azerbaijan,AZE,2013,0.741,AZ,Azerbaijan,AZ,Western Asia,Asia
87,Azerbaijan,AZE,2014,0.746,AZ,Azerbaijan,AZ,Western Asia,Asia
87,Azerbaijan,AZE,2015,0.749,AZ,Azerbaijan,AZ,Western Asia,Asia
87,Azerbaijan,AZE,2016,0.749,AZ,Azerbaijan,AZ,Western Asia,Asia
87,Azerbaijan,AZE,2017,0.752,AZ,Azerbaijan,AZ,Western Asia,Asia
87,Azerbaijan,AZE,2018,0.754,AZ,Azerbaijan,AZ,Western Asia,Asia
135,Bangladesh,BGD,2010,0.549,BD,Bangladesh,BD,Southern Asia,Asia
135,Bangladesh,BGD,2011,0.559,BD,Bangladesh,BD,Southern Asia,Asia
135,Bangladesh,BGD,2012,0.567,BD,Bangladesh,BD,Southern Asia,Asia
135,Bangladesh,BGD,2013,0.572,BD,Bangladesh,BD,Southern Asia,Asia
135,Bangladesh,BGD,2014,0.572,BD,Bangladesh,BD,Southern Asia,Asia
135,Bangladesh,BGD,2015,0.588,BD,Bangladesh,BD,Southern Asia,Asia
135,Bangladesh,BGD,2016,0.599,BD,Bangladesh,BD,Southern Asia,Asia
135,Bangladesh,BGD,2017,0.609,BD,Bangladesh,BD,Southern Asia,Asia
135,Bangladesh,BGD,2018,0.614,BD,Bangladesh,BD,Southern Asia,Asia
163,Benin,BEN,2010,0.473,BJ,Benin,BJ,Western Africa,Africa
163,Benin,BEN,2011,0.479,BJ,Benin,BJ,Western Africa,Africa
163,Benin,BEN,2012,0.489,BJ,Benin,BJ,Western Africa,Africa
163,Benin,BEN,2013,0.5,BJ,Benin,BJ,Western Africa,Africa
163,Benin,BEN,2014,0.505,BJ,Benin,BJ,Western Africa,Africa
163,Benin,BEN,2015,0.51,BJ,Benin,BJ,Western Africa,Africa
163,Benin,BEN,2016,0.512,BJ,Benin,BJ,Western Africa,Africa
163,Benin,BEN,2017,0.515,BJ,Benin,BJ,Western Africa,Africa
163,Benin,BEN,2018,0.52,BJ,Benin,BJ,Western Africa,Africa
114,Bolivia (Plurinational State of),BOL,2010,0.656,BO,Bolivia,BO,South America,Americas
114,Bolivia (Plurinational State of),BOL,2011,0.66,BO,Bolivia,BO,South America,Americas
114,Bolivia (Plurinational State of),BOL,2012,0.663,BO,Bolivia,BO,South America,Americas
114,Bolivia (Plurinational State of),BOL,2013,0.673,BO,Bolivia,BO,South America,Americas
114,Bolivia (Plurinational State of),BOL,2014,0.678,BO,Bolivia,BO,South America,Americas
114,Bolivia (Plurinational State of),BOL,2015,0.685,BO,Bolivia,BO,South America,Americas
114,Bolivia (Plurinational State of),BOL,2016,0.692,BO,Bolivia,BO,South America,Americas
114,Bolivia (Plurinational State of),BOL,2017,0.7,BO,Bolivia,BO,South America,Americas
114,Bolivia (Plurinational State of),BOL,2018,0.703,BO,Bolivia,BO,South America,Americas
94,Botswana,BWA,2010,0.66,BT,Botswana,BW,Southern Africa,Africa
94,Botswana,BWA,2011,0.676,BT,Botswana,BW,Southern Africa,Africa
94,Botswana,BWA,2012,0.687,BT,Botswana,BW,Southern Africa,Africa
94,Botswana,BWA,2013,0.699,BT,Botswana,BW,Southern Africa,Africa
94,Botswana,BWA,2014,0.709,BT,Botswana,BW,Southern Africa,Africa
94,Botswana,BWA,2015,0.714,BT,Botswana,BW,Southern Africa,Africa
94,Botswana,BWA,2016,0.719,BT,Botswana,BW,Southern Africa,Africa
94,Botswana,BWA,2017,0.724,BT,Botswana,BW,Southern Africa,Africa
94,Botswana,BWA,2018,0.728,BT,Botswana,BW,Southern Africa,Africa
79,Brazil,BRA,2010,0.726,BR,Brazil,BR,South America,Americas
79,Brazil,BRA,2011,0.73,BR,Brazil,BR,South America,Americas
79,Brazil,BRA,2012,0.734,BR,Brazil,BR,South America,Americas
79,Brazil,BRA,2013,0.752,BR,Brazil,BR,South America,Americas
79,Brazil,BRA,2014,0.755,BR,Brazil,BR,South America,Americas
79,Brazil,BRA,2015,0.755,BR,Brazil,BR,South America,Americas
79,Brazil,BRA,2016,0.757,BR,Brazil,BR,South America,Americas
79,Brazil,BRA,2017,0.76,BR,Brazil,BR,South America,Americas
79,Brazil,BRA,2018,0.761,BR,Brazil,BR,South America,Americas
182,Burkina Faso,BFA,2010,0.375,BF,Burkina Faso,BF,Western Africa,Africa
182,Burkina Faso,BFA,2011,0.385,BF,Burkina Faso,BF,Western Africa,Africa
182,Burkina Faso,BFA,2012,0.394,BF,Burkina Faso,BF,Western Africa,Africa
182,Burkina Faso,BFA,2013,0.401,BF,Burkina Faso,BF,Western Africa,Africa
182,Burkina Faso,BFA,2014,0.405,BF,Burkina Faso,BF,Western Africa,Africa
182,Burkina Faso,BFA,2015,0.413,BF,Burkina Faso,BF,Western Africa,Africa
182,Burkina Faso,BFA,2016,0.42,BF,Burkina Faso,BF,Western Africa,Africa
182,Burkina Faso,BFA,2017,0.429,BF,Burkina Faso,BF,Western Africa,Africa
182,Burkina Faso,BFA,2018,0.434,BF,Burkina Faso,BF,Western Africa,Africa
185,Burundi,BDI,2010,0.402,BU,Burundi,BI,Eastern Africa,Africa
185,Burundi,BDI,2011,0.41,BU,Burundi,BI,Eastern Africa,Africa
185,Burundi,BDI,2012,0.416,BU,Burundi,BI,Eastern Africa,Africa
185,Burundi,BDI,2013,0.422,BU,Burundi,BI,Eastern Africa,Africa
185,Burundi,BDI,2014,0.429,BU,Burundi,BI,Eastern Africa,Africa
185,Burundi,BDI,2015,0.427,BU,Burundi,BI,Eastern Africa,Africa
185,Burundi,BDI,2016,0.427,BU,Burundi,BI,Eastern Africa,Africa
185,Burundi,BDI,2017,0.421,BU,Burundi,BI,Eastern Africa,Africa
185,Burundi,BDI,2018,0.423,BU,Burundi,BI,Eastern Africa,Africa
146,Cambodia,KHM,2010,0.535,KH,Cambodia,KH,South-Eastern Asia,Asia
146,Cambodia,KHM,2011,0.542,KH,Cambodia,KH,South-Eastern Asia,Asia
146,Cambodia,KHM,2012,0.548,KH,Cambodia,KH,South-Eastern Asia,Asia
146,Cambodia,KHM,2013,0.555,KH,Cambodia,KH,South-Eastern Asia,Asia
146,Cambodia,KHM,2014,0.561,KH,Cambodia,KH,South-Eastern Asia,Asia
146,Cambodia,KHM,2015,0.566,KH,Cambodia,KH,South-Eastern Asia,Asia
146,Cambodia,KHM,2016,0.572,KH,Cambodia,KH,South-Eastern Asia,Asia
146,Cambodia,KHM,2017,0.578,KH,Cambodia,KH,South-Eastern Asia,Asia
146,Cambodia,KHM,2018,0.581,KH,Cambodia,KH,South-Eastern Asia,Asia
150,Cameroon,CMR,2010,0.471,CM,Cameroon,CM,Middle Africa,Africa
150,Cameroon,CMR,2011,0.513,CM,Cameroon,CM,Middle Africa,Africa
150,Cameroon,CMR,2012,0.524,CM,Cameroon,CM,Middle Africa,Africa
150,Cameroon,CMR,2013,0.531,CM,Cameroon,CM,Middle Africa,Africa
150,Cameroon,CMR,2014,0.54,CM,Cameroon,CM,Middle Africa,Africa
150,Cameroon,CMR,2015,0.548,CM,Cameroon,CM,Middle Africa,Africa
150,Cameroon,CMR,2016,0.556,CM,Cameroon,CM,Middle Africa,Africa
150,Cameroon,CMR,2017,0.56,CM,Cameroon,CM,Middle Africa,Africa
150,Cameroon,CMR,2018,0.563,CM,Cameroon,CM,Middle Africa,Africa
126,Cabo Verde,CPV,2010,0.626,CV,Cape Verde,CV,Western Africa,Africa
126,Cabo Verde,CPV,2011,0.633,CV,Cape Verde,CV,Western Africa,Africa
126,Cabo Verde,CPV,2012,0.634,CV,Cape Verde,CV,Western Africa,Africa
126,Cabo Verde,CPV,2013,0.641,CV,Cape Verde,CV,Western Africa,Africa
126,Cabo Verde,CPV,2014,0.641,CV,Cape Verde,CV,Western Africa,Africa
126,Cabo Verde,CPV,2015,0.643,CV,Cape Verde,CV,Western Africa,Africa
126,Cabo Verde,CPV,2016,0.645,CV,Cape Verde,CV,Western Africa,Africa
126,Cabo Verde,CPV,2017,0.647,CV,Cape Verde,CV,Western Africa,Africa
126,Cabo Verde,CPV,2018,0.651,CV,Cape Verde,CV,Western Africa,Africa
188,Central African Republic,CAF,2010,0.355,CF,Central African Republic,CF,Middle Africa,Africa
188,Central African Republic,CAF,2011,0.363,CF,Central African Republic,CF,Middle Africa,Africa
188,Central African Republic,CAF,2012,0.37,CF,Central African Republic,CF,Middle Africa,Africa
188,Central African Republic,CAF,2013,0.351,CF,Central African Republic,CF,Middle Africa,Africa
188,Central African Republic,CAF,2014,0.355,CF,Central African Republic,CF,Middle Africa,Africa
188,Central African Republic,CAF,2015,0.362,CF,Central African Republic,CF,Middle Africa,Africa
188,Central African Republic,CAF,2016,0.372,CF,Central African Republic,CF,Middle Africa,Africa
188,Central African Republic,CAF,2017,0.376,CF,Central African Republic,CF,Middle Africa,Africa
188,Central African Republic,CAF,2018,0.381,CF,Central African Republic,CF,Middle Africa,Africa
187,Chad,TCD,2010,0.374,TD,Chad,TD,Middle Africa,Africa
187,Chad,TCD,2011,0.385,TD,Chad,TD,Middle Africa,Africa
187,Chad,TCD,2012,0.393,TD,Chad,TD,Middle Africa,Africa
187,Chad,TCD,2013,0.399,TD,Chad,TD,Middle Africa,Africa
187,Chad,TCD,2014,0.406,TD,Chad,TD,Middle Africa,Africa
187,Chad,TCD,2015,0.403,TD,Chad,TD,Middle Africa,Africa
187,Chad,TCD,2016,0.398,TD,Chad,TD,Middle Africa,Africa
187,Chad,TCD,2017,0.401,TD,Chad,TD,Middle Africa,Africa
187,Chad,TCD,2018,0.401,TD,Chad,TD,Middle Africa,Africa
79,Colombia,COL,2010,0.729,CO,Colombia,CO,South America,Americas
79,Colombia,COL,2011,0.735,CO,Colombia,CO,South America,Americas
79,Colombia,COL,2012,0.736,CO,Colombia,CO,South America,Americas
79,Colombia,COL,2013,0.746,CO,Colombia,CO,South America,Americas
79,Colombia,COL,2014,0.75,CO,Colombia,CO,South America,Americas
79,Colombia,COL,2015,0.753,CO,Colombia,CO,South America,Americas
79,Colombia,COL,2016,0.759,CO,Colombia,CO,South America,Americas
79,Colombia,COL,2017,0.76,CO,Colombia,CO,South America,Americas
79,Colombia,COL,2018,0.761,CO,Colombia,CO,South America,Americas
156,Comoros,COM,2010,0.513,KM,Comoros,KM,Eastern Africa,Africa
156,Comoros,COM,2011,0.524,KM,Comoros,KM,Eastern Africa,Africa
156,Comoros,COM,2012,0.529,KM,Comoros,KM,Eastern Africa,Africa
156,Comoros,COM,2013,0.532,KM,Comoros,KM,Eastern Africa,Africa
156,Comoros,COM,2014,0.534,KM,Comoros,KM,Eastern Africa,Africa
156,Comoros,COM,2015,0.535,KM,Comoros,KM,Eastern Africa,Africa
156,Comoros,COM,2016,0.537,KM,Comoros,KM,Eastern Africa,Africa
156,Comoros,COM,2017,0.539,KM,Comoros,KM,Eastern Africa,Africa
156,Comoros,COM,2018,0.538,KM,Comoros,KM,Eastern Africa,Africa
138,Congo,COG,2010,0.557,CG,Congo,CG,Middle Africa,Africa
138,Congo,COG,2011,0.559,CG,Congo,CG,Middle Africa,Africa
138,Congo,COG,2012,0.571,CG,Congo,CG,Middle Africa,Africa
138,Congo,COG,2013,0.581,CG,Congo,CG,Middle Africa,Africa
138,Congo,COG,2014,0.595,CG,Congo,CG,Middle Africa,Africa
138,Congo,COG,2015,0.614,CG,Congo,CG,Middle Africa,Africa
138,Congo,COG,2016,0.613,CG,Congo,CG,Middle Africa,Africa
138,Congo,COG,2017,0.609,CG,Congo,CG,Middle Africa,Africa
138,Congo,COG,2018,0.609,CG,Congo,CG,Middle Africa,Africa
179,Congo (Democratic Republic of the),COD,2010,0.416,CD,Congo Democratic Republic,CD,Middle Africa,Africa
179,Congo (Democratic Republic of the),COD,2011,0.419,CD,Congo Democratic Republic,CD,Middle Africa,Africa
179,Congo (Democratic Republic of the),COD,2012,0.423,CD,Congo Democratic Republic,CD,Middle Africa,Africa
179,Congo (Democratic Republic of the),COD,2013,0.429,CD,Congo Democratic Republic,CD,Middle Africa,Africa
179,Congo (Democratic Republic of the),COD,2014,0.441,CD,Congo Democratic Republic,CD,Middle Africa,Africa
179,Congo (Democratic Republic of the),COD,2015,0.445,CD,Congo Democratic Republic,CD,Middle Africa,Africa
179,Congo (Democratic Republic of the),COD,2016,0.453,CD,Congo Democratic Republic,CD,Middle Africa,Africa
179,Congo (Democratic Republic of the),COD,2017,0.456,CD,Congo Democratic Republic,CD,Middle Africa,Africa
179,Congo (Democratic Republic of the),COD,2018,0.459,CD,Congo Democratic Republic,CD,Middle Africa,Africa
,,CIV,,,CI,Cote d'Ivoire,CI,Western Africa,Africa
89,Dominican Republic,DOM,2010,0.701,DR,Dominican Republic,DO,Caribbean,Americas
89,Dominican Republic,DOM,2011,0.704,DR,Dominican Republic,DO,Caribbean,Americas
89,Dominican Republic,DOM,2012,0.708,DR,Dominican Republic,DO,Caribbean,Americas
89,Dominican Republic,DOM,2013,0.712,DR,Dominican Republic,DO,Caribbean,Americas
89,Dominican Republic,DOM,2014,0.724,DR,Dominican Republic,DO,Caribbean,Americas
89,Dominican Republic,DOM,2015,0.733,DR,Dominican Republic,DO,Caribbean,Americas
89,Dominican Republic,DOM,2016,0.738,DR,Dominican Republic,DO,Caribbean,Americas
89,Dominican Republic,DOM,2017,0.741,DR,Dominican Republic,DO,Caribbean,Americas
89,Dominican Republic,DOM,2018,0.745,DR,Dominican Republic,DO,Caribbean,Americas
85,Ecuador,ECU,2010,0.716,EC,Ecuador,EC,South America,Americas
85,Ecuador,ECU,2011,0.742,EC,Ecuador,EC,South America,Americas
85,Ecuador,ECU,2012,0.74,EC,Ecuador,EC,South America,Americas
85,Ecuador,ECU,2013,0.751,EC,Ecuador,EC,South America,Americas
85,Ecuador,ECU,2014,0.75,EC,Ecuador,EC,South America,Americas
85,Ecuador,ECU,2015,0.758,EC,Ecuador,EC,South America,Americas
85,Ecuador,ECU,2016,0.756,EC,Ecuador,EC,South America,Americas
85,Ecuador,ECU,2017,0.757,EC,Ecuador,EC,South America,Americas
85,Ecuador,ECU,2018,0.758,EC,Ecuador,EC,South America,Americas
116,Egypt,EGY,2010,0.666,EG,Egypt,EG,Northern Africa,Africa
116,Egypt,EGY,2011,0.669,EG,Egypt,EG,Northern Africa,Africa
116,Egypt,EGY,2012,0.676,EG,Egypt,EG,Northern Africa,Africa
116,Egypt,EGY,2013,0.681,EG,Egypt,EG,Northern Africa,Africa
116,Egypt,EGY,2014,0.683,EG,Egypt,EG,Northern Africa,Africa
116,Egypt,EGY,2015,0.69,EG,Egypt,EG,Northern Africa,Africa
116,Egypt,EGY,2016,0.695,EG,Egypt,EG,Northern Africa,Africa
116,Egypt,EGY,2017,0.696,EG,Egypt,EG,Northern Africa,Africa
116,Egypt,EGY,2018,0.7,EG,Egypt,EG,Northern Africa,Africa
124,El Salvador,SLV,2010,0.659,ES,El Salvador,SV,Central America,Americas
124,El Salvador,SLV,2011,0.656,ES,El Salvador,SV,Central America,Americas
124,El Salvador,SLV,2012,0.66,ES,El Salvador,SV,Central America,Americas
124,El Salvador,SLV,2013,0.662,ES,El Salvador,SV,Central America,Americas
124,El Salvador,SLV,2014,0.66,ES,El Salvador,SV,Central America,Americas
124,El Salvador,SLV,2015,0.66,ES,El Salvador,SV,Central America,Americas
124,El Salvador,SLV,2016,0.662,ES,El Salvador,SV,Central America,Americas
124,El Salvador,SLV,2017,0.665,ES,El Salvador,SV,Central America,Americas
124,El Salvador,SLV,2018,0.667,ES,El Salvador,SV,Central America,Americas
144,Equatorial Guinea,GNQ,2010,0.58,EK,Equatorial Guinea,GQ,Middle Africa,Africa
144,Equatorial Guinea,GNQ,2011,0.583,EK,Equatorial Guinea,GQ,Middle Africa,Africa
144,Equatorial Guinea,GNQ,2012,0.587,EK,Equatorial Guinea,GQ,Middle Africa,Africa
144,Equatorial Guinea,GNQ,2013,0.588,EK,Equatorial Guinea,GQ,Middle Africa,Africa
144,Equatorial Guinea,GNQ,2014,0.59,EK,Equatorial Guinea,GQ,Middle Africa,Africa
144,Equatorial Guinea,GNQ,2015,0.593,EK,Equatorial Guinea,GQ,Middle Africa,Africa
144,Equatorial Guinea,GNQ,2016,0.592,EK,Equatorial Guinea,GQ,Middle Africa,Africa
144,Equatorial Guinea,GNQ,2017,0.59,EK,Equatorial Guinea,GQ,Middle Africa,Africa
144,Equatorial Guinea,GNQ,2018,0.588,EK,Equatorial Guinea,GQ,Middle Africa,Africa
182,Eritrea,ERI,2010,0.433,ER,Eritrea,ER,Eastern Africa,Africa
182,Eritrea,ERI,2011,0.433,ER,Eritrea,ER,Eastern Africa,Africa
182,Eritrea,ERI,2012,0.422,ER,Eritrea,ER,Eastern Africa,Africa
182,Eritrea,ERI,2013,0.425,ER,Eritrea,ER,Eastern Africa,Africa
182,Eritrea,ERI,2014,0.436,ER,Eritrea,ER,Eastern Africa,Africa
182,Eritrea,ERI,2015,0.433,ER,Eritrea,ER,Eastern Africa,Africa
182,Eritrea,ERI,2016,0.434,ER,Eritrea,ER,Eastern Africa,Africa
182,Eritrea,ERI,2017,0.431,ER,Eritrea,ER,Eastern Africa,Africa
182,Eritrea,ERI,2018,0.434,ER,Eritrea,ER,Eastern Africa,Africa
173,Ethiopia,ETH,2010,0.412,ET,Ethiopia,ET,Eastern Africa,Africa
173,Ethiopia,ETH,2011,0.423,ET,Ethiopia,ET,Eastern Africa,Africa
173,Ethiopia,ETH,2012,0.429,ET,Ethiopia,ET,Eastern Africa,Africa
173,Ethiopia,ETH,2013,0.439,ET,Ethiopia,ET,Eastern Africa,Africa
173,Ethiopia,ETH,2014,0.446,ET,Ethiopia,ET,Eastern Africa,Africa
173,Ethiopia,ETH,2015,0.453,ET,Ethiopia,ET,Eastern Africa,Africa
173,Ethiopia,ETH,2016,0.46,ET,Ethiopia,ET,Eastern Africa,Africa
173,Ethiopia,ETH,2017,0.467,ET,Ethiopia,ET,Eastern Africa,Africa
173,Ethiopia,ETH,2018,0.47,ET,Ethiopia,ET,Eastern Africa,Africa
115,Gabon,GAB,2010,0.658,GA,Gabon,GA,Middle Africa,Africa
115,Gabon,GAB,2011,0.663,GA,Gabon,GA,Middle Africa,Africa
115,Gabon,GAB,2012,0.672,GA,Gabon,GA,Middle Africa,Africa
115,Gabon,GAB,2013,0.679,GA,Gabon,GA,Middle Africa,Africa
115,Gabon,GAB,2014,0.688,GA,Gabon,GA,Middle Africa,Africa
115,Gabon,GAB,2015,0.692,GA,Gabon,GA,Middle Africa,Africa
115,Gabon,GAB,2016,0.696,GA,Gabon,GA,Middle Africa,Africa
115,Gabon,GAB,2017,0.7,GA,Gabon,GA,Middle Africa,Africa
115,Gabon,GAB,2018,0.702,GA,Gabon,GA,Middle Africa,Africa
174,Gambia,GMB,2010,0.437,GM,Gambia,GM,Western Africa,Africa
174,Gambia,GMB,2011,0.435,GM,Gambia,GM,Western Africa,Africa
174,Gambia,GMB,2012,0.441,GM,Gambia,GM,Western Africa,Africa
174,Gambia,GMB,2013,0.448,GM,Gambia,GM,Western Africa,Africa
174,Gambia,GMB,2014,0.449,GM,Gambia,GM,Western Africa,Africa
174,Gambia,GMB,2015,0.454,GM,Gambia,GM,Western Africa,Africa
174,Gambia,GMB,2016,0.456,GM,Gambia,GM,Western Africa,Africa
174,Gambia,GMB,2017,0.459,GM,Gambia,GM,Western Africa,Africa
174,Gambia,GMB,2018,0.466,GM,Gambia,GM,Western Africa,Africa
142,Ghana,GHA,2010,0.554,GH,Ghana,GH,Western Africa,Africa
142,Ghana,GHA,2011,0.563,GH,Ghana,GH,Western Africa,Africa
142,Ghana,GHA,2012,0.57,GH,Ghana,GH,Western Africa,Africa
142,Ghana,GHA,2013,0.578,GH,Ghana,GH,Western Africa,Africa
142,Ghana,GHA,2014,0.577,GH,Ghana,GH,Western Africa,Africa
142,Ghana,GHA,2015,0.585,GH,Ghana,GH,Western Africa,Africa
142,Ghana,GHA,2016,0.587,GH,Ghana,GH,Western Africa,Africa
142,Ghana,GHA,2017,0.591,GH,Ghana,GH,Western Africa,Africa
142,Ghana,GHA,2018,0.596,GH,Ghana,GH,Western Africa,Africa
126,Guatemala,GTM,2010,0.602,GU,Guatemala,GT,Central America,Americas
126,Guatemala,GTM,2011,0.607,GU,Guatemala,GT,Central America,Americas
126,Guatemala,GTM,2012,0.613,GU,Guatemala,GT,Central America,Americas
126,Guatemala,GTM,2013,0.616,GU,Guatemala,GT,Central America,Americas
126,Guatemala,GTM,2014,0.643,GU,Guatemala,GT,Central America,Americas
126,Guatemala,GTM,2015,0.647,GU,Guatemala,GT,Central America,Americas
126,Guatemala,GTM,2016,0.648,GU,Guatemala,GT,Central America,Americas
126,Guatemala,GTM,2017,0.649,GU,Guatemala,GT,Central America,Americas
126,Guatemala,GTM,2018,0.651,GU,Guatemala,GT,Central America,Americas
174,Guinea,GIN,2010,0.408,GN,Guinea,GN,Western Africa,Africa
174,Guinea,GIN,2011,0.421,GN,Guinea,GN,Western Africa,Africa
174,Guinea,GIN,2012,0.431,GN,Guinea,GN,Western Africa,Africa
174,Guinea,GIN,2013,0.439,GN,Guinea,GN,Western Africa,Africa
174,Guinea,GIN,2014,0.446,GN,Guinea,GN,Western Africa,Africa
174,Guinea,GIN,2015,0.449,GN,Guinea,GN,Western Africa,Africa
174,Guinea,GIN,2016,0.456,GN,Guinea,GN,Western Africa,Africa
174,Guinea,GIN,2017,0.463,GN,Guinea,GN,Western Africa,Africa
174,Guinea,GIN,2018,0.466,GN,Guinea,GN,Western Africa,Africa
123,Guyana,GUY,2010,0.639,GY,Guyana,GY,South America,Americas
123,Guyana,GUY,2011,0.648,GY,Guyana,GY,South America,Americas
123,Guyana,GUY,2012,0.652,GY,Guyana,GY,South America,Americas
123,Guyana,GUY,2013,0.656,GY,Guyana,GY,South America,Americas
123,Guyana,GUY,2014,0.66,GY,Guyana,GY,South America,Americas
123,Guyana,GUY,2015,0.663,GY,Guyana,GY,South America,Americas
123,Guyana,GUY,2016,0.666,GY,Guyana,GY,South America,Americas
123,Guyana,GUY,2017,0.668,GY,Guyana,GY,South America,Americas
123,Guyana,GUY,2018,0.67,GY,Guyana,GY,South America,Americas
169,Haiti,HTI,2010,0.467,HT,Haiti,HT,Caribbean,Americas
169,Haiti,HTI,2011,0.474,HT,Haiti,HT,Caribbean,Americas
169,Haiti,HTI,2012,0.478,HT,Haiti,HT,Caribbean,Americas
169,Haiti,HTI,2013,0.483,HT,Haiti,HT,Caribbean,Americas
169,Haiti,HTI,2014,0.488,HT,Haiti,HT,Caribbean,Americas
169,Haiti,HTI,2015,0.492,HT,Haiti,HT,Caribbean,Americas
169,Haiti,HTI,2016,0.497,HT,Haiti,HT,Caribbean,Americas
169,Haiti,HTI,2017,0.501,HT,Haiti,HT,Caribbean,Americas
169,Haiti,HTI,2018,0.503,HT,Haiti,HT,Caribbean,Americas
132,Honduras,HND,2010,0.598,HN,Honduras,HN,Central America,Americas
132,Honduras,HND,2011,0.601,HN,Honduras,HN,Central America,Americas
132,Honduras,HND,2012,0.6,HN,Honduras,HN,Central America,Americas
132,Honduras,HND,2013,0.603,HN,Honduras,HN,Central America,Americas
132,Honduras,HND,2014,0.606,HN,Honduras,HN,Central America,Americas
132,Honduras,HND,2015,0.613,HN,Honduras,HN,Central America,Americas
132,Honduras,HND,2016,0.618,HN,Honduras,HN,Central America,Americas
132,Honduras,HND,2017,0.621,HN,Honduras,HN,Central America,Americas
132,Honduras,HND,2018,0.623,HN,Honduras,HN,Central America,Americas
129,India,IND,2010,0.581,IA,India,IN,Southern Asia,Asia
129,India,IND,2011,0.59,IA,India,IN,Southern Asia,Asia
129,India,IND,2012,0.6,IA,India,IN,Southern Asia,Asia
129,India,IND,2013,0.607,IA,India,IN,Southern Asia,Asia
129,India,IND,2014,0.618,IA,India,IN,Southern Asia,Asia
129,India,IND,2015,0.627,IA,India,IN,Southern Asia,Asia
129,India,IND,2016,0.637,IA,India,IN,Southern Asia,Asia
129,India,IND,2017,0.643,IA,India,IN,Southern Asia,Asia
129,India,IND,2018,0.647,IA,India,IN,Southern Asia,Asia
111,Indonesia,IDN,2010,0.666,ID,Indonesia,ID,South-Eastern Asia,Asia
111,Indonesia,IDN,2011,0.674,ID,Indonesia,ID,South-Eastern Asia,Asia
111,Indonesia,IDN,2012,0.682,ID,Indonesia,ID,South-Eastern Asia,Asia
111,Indonesia,IDN,2013,0.688,ID,Indonesia,ID,South-Eastern Asia,Asia
111,Indonesia,IDN,2014,0.691,ID,Indonesia,ID,South-Eastern Asia,Asia
111,Indonesia,IDN,2015,0.696,ID,Indonesia,ID,South-Eastern Asia,Asia
111,Indonesia,IDN,2016,0.7,ID,Indonesia,ID,South-Eastern Asia,Asia
111,Indonesia,IDN,2017,0.704,ID,Indonesia,ID,South-Eastern Asia,Asia
111,Indonesia,IDN,2018,0.707,ID,Indonesia,ID,South-Eastern Asia,Asia
102,Jordan,JOR,2010,0.728,JO,Jordan,JO,Western Asia,Asia
102,Jordan,JOR,2011,0.725,JO,Jordan,JO,Western Asia,Asia
102,Jordan,JOR,2012,0.726,JO,Jordan,JO,Western Asia,Asia
102,Jordan,JOR,2013,0.72,JO,Jordan,JO,Western Asia,Asia
102,Jordan,JOR,2014,0.72,JO,Jordan,JO,Western Asia,Asia
102,Jordan,JOR,2015,0.721,JO,Jordan,JO,Western Asia,Asia
102,Jordan,JOR,2016,0.722,JO,Jordan,JO,Western Asia,Asia
102,Jordan,JOR,2017,0.722,JO,Jordan,JO,Western Asia,Asia
102,Jordan,JOR,2018,0.723,JO,Jordan,JO,Western Asia,Asia
50,Kazakhstan,KAZ,2010,0.764,KK,Kazakhstan,KZ,Central Asia,Asia
50,Kazakhstan,KAZ,2011,0.772,KK,Kazakhstan,KZ,Central Asia,Asia
50,Kazakhstan,KAZ,2012,0.782,KK,Kazakhstan,KZ,Central Asia,Asia
50,Kazakhstan,KAZ,2013,0.791,KK,Kazakhstan,KZ,Central Asia,Asia
50,Kazakhstan,KAZ,2014,0.798,KK,Kazakhstan,KZ,Central Asia,Asia
50,Kazakhstan,KAZ,2015,0.806,KK,Kazakhstan,KZ,Central Asia,Asia
50,Kazakhstan,KAZ,2016,0.808,KK,Kazakhstan,KZ,Central Asia,Asia
50,Kazakhstan,KAZ,2017,0.813,KK,Kazakhstan,KZ,Central Asia,Asia
50,Kazakhstan,KAZ,2018,0.817,KK,Kazakhstan,KZ,Central Asia,Asia
147,Kenya,KEN,2010,0.533,KE,Kenya,KE,Eastern Africa,Africa
147,Kenya,KEN,2011,0.54,KE,Kenya,KE,Eastern Africa,Africa
147,Kenya,KEN,2012,0.545,KE,Kenya,KE,Eastern Africa,Africa
147,Kenya,KEN,2013,0.551,KE,Kenya,KE,Eastern Africa,Africa
147,Kenya,KEN,2014,0.556,KE,Kenya,KE,Eastern Africa,Africa
147,Kenya,KEN,2015,0.562,KE,Kenya,KE,Eastern Africa,Africa
147,Kenya,KEN,2016,0.568,KE,Kenya,KE,Eastern Africa,Africa
147,Kenya,KEN,2017,0.574,KE,Kenya,KE,Eastern Africa,Africa
147,Kenya,KEN,2018,0.579,KE,Kenya,KE,Eastern Africa,Africa
122,Kyrgyzstan,KGZ,2010,0.636,KY,Kyrgyz Republic,KG,Central Asia,Asia
122,Kyrgyzstan,KGZ,2011,0.639,KY,Kyrgyz Republic,KG,Central Asia,Asia
122,Kyrgyzstan,KGZ,2012,0.649,KY,Kyrgyz Republic,KG,Central Asia,Asia
122,Kyrgyzstan,KGZ,2013,0.658,KY,Kyrgyz Republic,KG,Central Asia,Asia
122,Kyrgyzstan,KGZ,2014,0.663,KY,Kyrgyz Republic,KG,Central Asia,Asia
122,Kyrgyzstan,KGZ,2015,0.666,KY,Kyrgyz Republic,KG,Central Asia,Asia
122,Kyrgyzstan,KGZ,2016,0.669,KY,Kyrgyz Republic,KG,Central Asia,Asia
122,Kyrgyzstan,KGZ,2017,0.671,KY,Kyrgyz Republic,KG,Central Asia,Asia
122,Kyrgyzstan,KGZ,2018,0.674,KY,Kyrgyz Republic,KG,Central Asia,Asia
140,Lao People's Democratic Republic,LAO,2010,0.546,LA,Lao People's Democratic Republic,LA,South-Eastern Asia,Asia
140,Lao People's Democratic Republic,LAO,2011,0.558,LA,Lao People's Democratic Republic,LA,South-Eastern Asia,Asia
140,Lao People's Democratic Republic,LAO,2012,0.569,LA,Lao People's Democratic Republic,LA,South-Eastern Asia,Asia
140,Lao People's Democratic Republic,LAO,2013,0.579,LA,Lao People's Democratic Republic,LA,South-Eastern Asia,Asia
140,Lao People's Democratic Republic,LAO,2014,0.586,LA,Lao People's Democratic Republic,LA,South-Eastern Asia,Asia
140,Lao People's Democratic Republic,LAO,2015,0.594,LA,Lao People's Democratic Republic,LA,South-Eastern Asia,Asia
140,Lao People's Democratic Republic,LAO,2016,0.598,LA,Lao People's Democratic Republic,LA,South-Eastern Asia,Asia
140,Lao People's Democratic Republic,LAO,2017,0.602,LA,Lao People's Democratic Republic,LA,South-Eastern Asia,Asia
140,Lao People's Democratic Republic,LAO,2018,0.604,LA,Lao People's Democratic Republic,LA,South-Eastern Asia,Asia
164,Lesotho,LSO,2010,0.461,LS,Lesotho,LS,Southern Africa,Africa
164,Lesotho,LSO,2011,0.47,LS,Lesotho,LS,Southern Africa,Africa
164,Lesotho,LSO,2012,0.48,LS,Lesotho,LS,Southern Africa,Africa
164,Lesotho,LSO,2013,0.486,LS,Lesotho,LS,Southern Africa,Africa
164,Lesotho,LSO,2014,0.493,LS,Lesotho,LS,Southern Africa,Africa
164,Lesotho,LSO,2015,0.499,LS,Lesotho,LS,Southern Africa,Africa
164,Lesotho,LSO,2016,0.507,LS,Lesotho,LS,Southern Africa,Africa
164,Lesotho,LSO,2017,0.514,LS,Lesotho,LS,Southern Africa,Africa
164,Lesotho,LSO,2018,0.518,LS,Lesotho,LS,Southern Africa,Africa
176,Liberia,LBR,2010,0.441,LB,Liberia,LR,Western Africa,Africa
176,Liberia,LBR,2011,0.457,LB,Liberia,LR,Western Africa,Africa
176,Liberia,LBR,2012,0.455,LB,Liberia,LR,Western Africa,Africa
176,Liberia,LBR,2013,0.463,LB,Liberia,LR,Western Africa,Africa
176,Liberia,LBR,2014,0.464,LB,Liberia,LR,Western Africa,Africa
176,Liberia,LBR,2015,0.463,LB,Liberia,LR,Western Africa,Africa
176,Liberia,LBR,2016,0.463,LB,Liberia,LR,Western Africa,Africa
176,Liberia,LBR,2017,0.466,LB,Liberia,LR,Western Africa,Africa
176,Liberia,LBR,2018,0.465,LB,Liberia,LR,Western Africa,Africa
162,Madagascar,MDG,2010,0.504,MD,Madagascar,MG,Eastern Africa,Africa
162,Madagascar,MDG,2011,0.504,MD,Madagascar,MG,Eastern Africa,Africa
162,Madagascar,MDG,2012,0.507,MD,Madagascar,MG,Eastern Africa,Africa
162,Madagascar,MDG,2013,0.509,MD,Madagascar,MG,Eastern Africa,Africa
162,Madagascar,MDG,2014,0.512,MD,Madagascar,MG,Eastern Africa,Africa
162,Madagascar,MDG,2015,0.514,MD,Madagascar,MG,Eastern Africa,Africa
162,Madagascar,MDG,2016,0.515,MD,Madagascar,MG,Eastern Africa,Africa
162,Madagascar,MDG,2017,0.518,MD,Madagascar,MG,Eastern Africa,Africa
162,Madagascar,MDG,2018,0.521,MD,Madagascar,MG,Eastern Africa,Africa
172,Malawi,MWI,2010,0.437,MW,Malawi,MW,Eastern Africa,Africa
172,Malawi,MWI,2011,0.447,MW,Malawi,MW,Eastern Africa,Africa
172,Malawi,MWI,2012,0.452,MW,Malawi,MW,Eastern Africa,Africa
172,Malawi,MWI,2013,0.463,MW,Malawi,MW,Eastern Africa,Africa
172,Malawi,MWI,2014,0.472,MW,Malawi,MW,Eastern Africa,Africa
172,Malawi,MWI,2015,0.475,MW,Malawi,MW,Eastern Africa,Africa
172,Malawi,MWI,2016,0.478,MW,Malawi,MW,Eastern Africa,Africa
172,Malawi,MWI,2017,0.482,MW,Malawi,MW,Eastern Africa,Africa
172,Malawi,MWI,2018,0.485,MW,Malawi,MW,Eastern Africa,Africa
104,Maldives,MDV,2010,0.669,MV,Maldives,MV,Southern Asia,Asia
104,Maldives,MDV,2011,0.681,MV,Maldives,MV,Southern Asia,Asia
104,Maldives,MDV,2012,0.688,MV,Maldives,MV,Southern Asia,Asia
104,Maldives,MDV,2013,0.693,MV,Maldives,MV,Southern Asia,Asia
104,Maldives,MDV,2014,0.702,MV,Maldives,MV,Southern Asia,Asia
104,Maldives,MDV,2015,0.709,MV,Maldives,MV,Southern Asia,Asia
104,Maldives,MDV,2016,0.713,MV,Maldives,MV,Southern Asia,Asia
104,Maldives,MDV,2017,0.716,MV,Maldives,MV,Southern Asia,Asia
104,Maldives,MDV,2018,0.719,MV,Maldives,MV,Southern Asia,Asia
184,Mali,MLI,2010,0.403,ML,Mali,ML,Western Africa,Africa
184,Mali,MLI,2011,0.408,ML,Mali,ML,Western Africa,Africa
184,Mali,MLI,2012,0.408,ML,Mali,ML,Western Africa,Africa
184,Mali,MLI,2013,0.408,ML,Mali,ML,Western Africa,Africa
184,Mali,MLI,2014,0.414,ML,Mali,ML,Western Africa,Africa
184,Mali,MLI,2015,0.412,ML,Mali,ML,Western Africa,Africa
184,Mali,MLI,2016,0.42,ML,Mali,ML,Western Africa,Africa
184,Mali,MLI,2017,0.426,ML,Mali,ML,Western Africa,Africa
184,Mali,MLI,2018,0.427,ML,Mali,ML,Western Africa,Africa
161,Mauritania,MRT,2010,0.49,MR,Mauritania,MR,Western Africa,Africa
161,Mauritania,MRT,2011,0.494,MR,Mauritania,MR,Western Africa,Africa
161,Mauritania,MRT,2012,0.503,MR,Mauritania,MR,Western Africa,Africa
161,Mauritania,MRT,2013,0.511,MR,Mauritania,MR,Western Africa,Africa
161,Mauritania,MRT,2014,0.518,MR,Mauritania,MR,Western Africa,Africa
161,Mauritania,MRT,2015,0.521,MR,Mauritania,MR,Western Africa,Africa
161,Mauritania,MRT,2016,0.519,MR,Mauritania,MR,Western Africa,Africa
161,Mauritania,MRT,2017,0.524,MR,Mauritania,MR,Western Africa,Africa
161,Mauritania,MRT,2018,0.527,MR,Mauritania,MR,Western Africa,Africa
76,Mexico,MEX,2010,0.739,MX,Mexico,MX,Central America,Americas
76,Mexico,MEX,2011,0.746,MX,Mexico,MX,Central America,Americas
76,Mexico,MEX,2012,0.752,MX,Mexico,MX,Central America,Americas
76,Mexico,MEX,2013,0.75,MX,Mexico,MX,Central America,Americas
76,Mexico,MEX,2014,0.754,MX,Mexico,MX,Central America,Americas
76,Mexico,MEX,2015,0.759,MX,Mexico,MX,Central America,Americas
76,Mexico,MEX,2016,0.764,MX,Mexico,MX,Central America,Americas
76,Mexico,MEX,2017,0.765,MX,Mexico,MX,Central America,Americas
76,Mexico,MEX,2018,0.767,MX,Mexico,MX,Central America,Americas
107,Moldova (Republic of),MDA,2010,0.681,MB,Moldova,MD,Eastern Europe,Europe
107,Moldova (Republic of),MDA,2011,0.687,MB,Moldova,MD,Eastern Europe,Europe
107,Moldova (Republic of),MDA,2012,0.693,MB,Moldova,MD,Eastern Europe,Europe
107,Moldova (Republic of),MDA,2013,0.702,MB,Moldova,MD,Eastern Europe,Europe
107,Moldova (Republic of),MDA,2014,0.705,MB,Moldova,MD,Eastern Europe,Europe
107,Moldova (Republic of),MDA,2015,0.703,MB,Moldova,MD,Eastern Europe,Europe
107,Moldova (Republic of),MDA,2016,0.705,MB,Moldova,MD,Eastern Europe,Europe
107,Moldova (Republic of),MDA,2017,0.709,MB,Moldova,MD,Eastern Europe,Europe
107,Moldova (Republic of),MDA,2018,0.711,MB,Moldova,MD,Eastern Europe,Europe
121,Morocco,MAR,2010,0.618,MA,Morocco,MA,Northern Africa,Africa
121,Morocco,MAR,2011,0.627,MA,Morocco,MA,Northern Africa,Africa
121,Morocco,MAR,2012,0.636,MA,Morocco,MA,Northern Africa,Africa
121,Morocco,MAR,2013,0.646,MA,Morocco,MA,Northern Africa,Africa
121,Morocco,MAR,2014,0.653,MA,Morocco,MA,Northern Africa,Africa
121,Morocco,MAR,2015,0.66,MA,Morocco,MA,Northern Africa,Africa
121,Morocco,MAR,2016,0.669,MA,Morocco,MA,Northern Africa,Africa
121,Morocco,MAR,2017,0.675,MA,Morocco,MA,Northern Africa,Africa
121,Morocco,MAR,2018,0.676,MA,Morocco,MA,Northern Africa,Africa
180,Mozambique,MOZ,2010,0.396,MZ,Mozambique,MZ,Eastern Africa,Africa
180,Mozambique,MOZ,2011,0.391,MZ,Mozambique,MZ,Eastern Africa,Africa
180,Mozambique,MOZ,2012,0.398,MZ,Mozambique,MZ,Eastern Africa,Africa
180,Mozambique,MOZ,2013,0.412,MZ,Mozambique,MZ,Eastern Africa,Africa
180,Mozambique,MOZ,2014,0.42,MZ,Mozambique,MZ,Eastern Africa,Africa
180,Mozambique,MOZ,2015,0.428,MZ,Mozambique,MZ,Eastern Africa,Africa
180,Mozambique,MOZ,2016,0.435,MZ,Mozambique,MZ,Eastern Africa,Africa
180,Mozambique,MOZ,2017,0.442,MZ,Mozambique,MZ,Eastern Africa,Africa
180,Mozambique,MOZ,2018,0.446,MZ,Mozambique,MZ,Eastern Africa,Africa
145,Myanmar,MMR,2010,0.523,MM,Myanmar,MM,South-Eastern Asia,Asia
145,Myanmar,MMR,2011,0.534,MM,Myanmar,MM,South-Eastern Asia,Asia
145,Myanmar,MMR,2012,0.541,MM,Myanmar,MM,South-Eastern Asia,Asia
145,Myanmar,MMR,2013,0.551,MM,Myanmar,MM,South-Eastern Asia,Asia
145,Myanmar,MMR,2014,0.558,MM,Myanmar,MM,South-Eastern Asia,Asia
145,Myanmar,MMR,2015,0.565,MM,Myanmar,MM,South-Eastern Asia,Asia
145,Myanmar,MMR,2016,0.571,MM,Myanmar,MM,South-Eastern Asia,Asia
145,Myanmar,MMR,2017,0.577,MM,Myanmar,MM,South-Eastern Asia,Asia
145,Myanmar,MMR,2018,0.584,MM,Myanmar,MM,South-Eastern Asia,Asia
130,Namibia,NAM,2010,0.588,NM,Namibia,NA,Southern Africa,Africa
130,Namibia,NAM,2011,0.601,NM,Namibia,NA,Southern Africa,Africa
130,Namibia,NAM,2012,0.612,NM,Namibia,NA,Southern Africa,Africa
130,Namibia,NAM,2013,0.622,NM,Namibia,NA,Southern Africa,Africa
130,Namibia,NAM,2014,0.631,NM,Namibia,NA,Southern Africa,Africa
130,Namibia,NAM,2015,0.637,NM,Namibia,NA,Southern Africa,Africa
130,Namibia,NAM,2016,0.639,NM,Namibia,NA,Southern Africa,Africa
130,Namibia,NAM,2017,0.643,NM,Namibia,NA,Southern Africa,Africa
130,Namibia,NAM,2018,0.645,NM,Namibia,NA,Southern Africa,Africa
147,Nepal,NPL,2010,0.527,NP,Nepal,NP,Southern Asia,Asia
147,Nepal,NPL,2011,0.534,NP,Nepal,NP,Southern Asia,Asia
147,Nepal,NPL,2012,0.548,NP,Nepal,NP,Southern Asia,Asia
147,Nepal,NPL,2013,0.555,NP,Nepal,NP,Southern Asia,Asia
147,Nepal,NPL,2014,0.562,NP,Nepal,NP,Southern Asia,Asia
147,Nepal,NPL,2015,0.568,NP,Nepal,NP,Southern Asia,Asia
147,Nepal,NPL,2016,0.572,NP,Nepal,NP,Southern Asia,Asia
147,Nepal,NPL,2017,0.574,NP,Nepal,NP,Southern Asia,Asia
147,Nepal,NPL,2018,0.579,NP,Nepal,NP,Southern Asia,Asia
126,Nicaragua,NIC,2010,0.614,NC,Nicaragua,NI,Central America,Americas
126,Nicaragua,NIC,2011,0.619,NC,Nicaragua,NI,Central America,Americas
126,Nicaragua,NIC,2012,0.625,NC,Nicaragua,NI,Central America,Americas
126,Nicaragua,NIC,2013,0.63,NC,Nicaragua,NI,Central America,Americas
126,Nicaragua,NIC,2014,0.64,NC,Nicaragua,NI,Central America,Americas
126,Nicaragua,NIC,2015,0.644,NC,Nicaragua,NI,Central America,Americas
126,Nicaragua,NIC,2016,0.649,NC,Nicaragua,NI,Central America,Americas
126,Nicaragua,NIC,2017,0.653,NC,Nicaragua,NI,Central America,Americas
126,Nicaragua,NIC,2018,0.651,NC,Nicaragua,NI,Central America,Americas
189,Niger,NER,2010,0.319,NI,Niger,NE,Western Africa,Africa
189,Niger,NER,2011,0.326,NI,Niger,NE,Western Africa,Africa
189,Niger,NER,2012,0.338,NI,Niger,NE,Western Africa,Africa
189,Niger,NER,2013,0.345,NI,Niger,NE,Western Africa,Africa
189,Niger,NER,2014,0.353,NI,Niger,NE,Western Africa,Africa
189,Niger,NER,2015,0.36,NI,Niger,NE,Western Africa,Africa
189,Niger,NER,2016,0.365,NI,Niger,NE,Western Africa,Africa
189,Niger,NER,2017,0.373,NI,Niger,NE,Western Africa,Africa
189,Niger,NER,2018,0.377,NI,Niger,NE,Western Africa,Africa
158,Nigeria,NGA,2010,0.484,NG,Nigeria,NG,Western Africa,Africa
158,Nigeria,NGA,2011,0.494,NG,Nigeria,NG,Western Africa,Africa
158,Nigeria,NGA,2012,0.502,NG,Nigeria,NG,Western Africa,Africa
158,Nigeria,NGA,2013,0.52,NG,Nigeria,NG,Western Africa,Africa
158,Nigeria,NGA,2014,0.523,NG,Nigeria,NG,Western Africa,Africa
158,Nigeria,NGA,2015,0.527,NG,Nigeria,NG,Western Africa,Africa
158,Nigeria,NGA,2016,0.528,NG,Nigeria,NG,Western Africa,Africa
158,Nigeria,NGA,2017,0.533,NG,Nigeria,NG,Western Africa,Africa
158,Nigeria,NGA,2018,0.534,NG,Nigeria,NG,Western Africa,Africa
158,Nigeria,NGA,2010,0.484,OS,Nigeria (Ondo State),NG,Western Africa,Africa
158,Nigeria,NGA,2011,0.494,OS,Nigeria (Ondo State),NG,Western Africa,Africa
158,Nigeria,NGA,2012,0.502,OS,Nigeria (Ondo State),NG,Western Africa,Africa
158,Nigeria,NGA,2013,0.52,OS,Nigeria (Ondo State),NG,Western Africa,Africa
158,Nigeria,NGA,2014,0.523,OS,Nigeria (Ondo State),NG,Western Africa,Africa
158,Nigeria,NGA,2015,0.527,OS,Nigeria (Ondo State),NG,Western Africa,Africa
158,Nigeria,NGA,2016,0.528,OS,Nigeria (Ondo State),NG,Western Africa,Africa
158,Nigeria,NGA,2017,0.533,OS,Nigeria (Ondo State),NG,Western Africa,Africa
158,Nigeria,NGA,2018,0.534,OS,Nigeria (Ondo State),NG,Western Africa,Africa
152,Pakistan,PAK,2010,0.524,PK,Pakistan,PK,Southern Asia,Asia
152,Pakistan,PAK,2011,0.528,PK,Pakistan,PK,Southern Asia,Asia
152,Pakistan,PAK,2012,0.533,PK,Pakistan,PK,Southern Asia,Asia
152,Pakistan,PAK,2013,0.537,PK,Pakistan,PK,Southern Asia,Asia
152,Pakistan,PAK,2014,0.546,PK,Pakistan,PK,Southern Asia,Asia
152,Pakistan,PAK,2015,0.55,PK,Pakistan,PK,Southern Asia,Asia
152,Pakistan,PAK,2016,0.556,PK,Pakistan,PK,Southern Asia,Asia
152,Pakistan,PAK,2017,0.558,PK,Pakistan,PK,Southern Asia,Asia
152,Pakistan,PAK,2018,0.56,PK,Pakistan,PK,Southern Asia,Asia
98,Paraguay,PRY,2010,0.692,PY,Paraguay,PY,South America,Americas
98,Paraguay,PRY,2011,0.697,PY,Paraguay,PY,South America,Americas
98,Paraguay,PRY,2012,0.697,PY,Paraguay,PY,South America,Americas
98,Paraguay,PRY,2013,0.709,PY,Paraguay,PY,South America,Americas
98,Paraguay,PRY,2014,0.712,PY,Paraguay,PY,South America,Americas
98,Paraguay,PRY,2015,0.718,PY,Paraguay,PY,South America,Americas
98,Paraguay,PRY,2016,0.718,PY,Paraguay,PY,South America,Americas
98,Paraguay,PRY,2017,0.722,PY,Paraguay,PY,South America,Americas
98,Paraguay,PRY,2018,0.724,PY,Paraguay,PY,South America,Americas
82,Peru,PER,2010,0.721,PE,Peru,PE,South America,Americas
82,Peru,PER,2011,0.734,PE,Peru,PE,South America,Americas
82,Peru,PER,2012,0.734,PE,Peru,PE,South America,Americas
82,Peru,PER,2013,0.742,PE,Peru,PE,South America,Americas
82,Peru,PER,2014,0.752,PE,Peru,PE,South America,Americas
82,Peru,PER,2015,0.75,PE,Peru,PE,South America,Americas
82,Peru,PER,2016,0.755,PE,Peru,PE,South America,Americas
82,Peru,PER,2017,0.756,PE,Peru,PE,South America,Americas
82,Peru,PER,2018,0.759,PE,Peru,PE,South America,Americas
106,Philippines,PHL,2010,0.672,PH,Philippines,PH,South-Eastern Asia,Asia
106,Philippines,PHL,2011,0.677,PH,Philippines,PH,South-Eastern Asia,Asia
106,Philippines,PHL,2012,0.684,PH,Philippines,PH,South-Eastern Asia,Asia
106,Philippines,PHL,2013,0.692,PH,Philippines,PH,South-Eastern Asia,Asia
106,Philippines,PHL,2014,0.697,PH,Philippines,PH,South-Eastern Asia,Asia
106,Philippines,PHL,2015,0.702,PH,Philippines,PH,South-Eastern Asia,Asia
106,Philippines,PHL,2016,0.704,PH,Philippines,PH,South-Eastern Asia,Asia
106,Philippines,PHL,2017,0.709,PH,Philippines,PH,South-Eastern Asia,Asia
106,Philippines,PHL,2018,0.712,PH,Philippines,PH,South-Eastern Asia,Asia
157,Rwanda,RWA,2010,0.488,RW,Rwanda,RW,Eastern Africa,Africa
157,Rwanda,RWA,2011,0.496,RW,Rwanda,RW,Eastern Africa,Africa
157,Rwanda,RWA,2012,0.504,RW,Rwanda,RW,Eastern Africa,Africa
157,Rwanda,RWA,2013,0.506,RW,Rwanda,RW,Eastern Africa,Africa
157,Rwanda,RWA,2014,0.513,RW,Rwanda,RW,Eastern Africa,Africa
157,Rwanda,RWA,2015,0.515,RW,Rwanda,RW,Eastern Africa,Africa
157,Rwanda,RWA,2016,0.525,RW,Rwanda,RW,Eastern Africa,Africa
157,Rwanda,RWA,2017,0.529,RW,Rwanda,RW,Eastern Africa,Africa
157,Rwanda,RWA,2018,0.536,RW,Rwanda,RW,Eastern Africa,Africa
111,Samoa,WSM,2010,0.69,WS,Samoa,WS,Polynesia,Oceania
111,Samoa,WSM,2011,0.695,WS,Samoa,WS,Polynesia,Oceania
111,Samoa,WSM,2012,0.696,WS,Samoa,WS,Polynesia,Oceania
111,Samoa,WSM,2013,0.696,WS,Samoa,WS,Polynesia,Oceania
111,Samoa,WSM,2014,0.698,WS,Samoa,WS,Polynesia,Oceania
111,Samoa,WSM,2015,0.699,WS,Samoa,WS,Polynesia,Oceania
111,Samoa,WSM,2016,0.704,WS,Samoa,WS,Polynesia,Oceania
111,Samoa,WSM,2017,0.706,WS,Samoa,WS,Polynesia,Oceania
111,Samoa,WSM,2018,0.707,WS,Samoa,WS,Polynesia,Oceania
137,Sao Tome and Principe,STP,2010,0.546,ST,Sao Tome and Principe,ST,Middle Africa,Africa
137,Sao Tome and Principe,STP,2011,0.553,ST,Sao Tome and Principe,ST,Middle Africa,Africa
137,Sao Tome and Principe,STP,2012,0.558,ST,Sao Tome and Principe,ST,Middle Africa,Africa
137,Sao Tome and Principe,STP,2013,0.568,ST,Sao Tome and Principe,ST,Middle Africa,Africa
137,Sao Tome and Principe,STP,2014,0.577,ST,Sao Tome and Principe,ST,Middle Africa,Africa
137,Sao Tome and Principe,STP,2015,0.59,ST,Sao Tome and Principe,ST,Middle Africa,Africa
137,Sao Tome and Principe,STP,2016,0.593,ST,Sao Tome and Principe,ST,Middle Africa,Africa
137,Sao Tome and Principe,STP,2017,0.603,ST,Sao Tome and Principe,ST,Middle Africa,Africa
137,Sao Tome and Principe,STP,2018,0.609,ST,Sao Tome and Principe,ST,Middle Africa,Africa
166,Senegal,SEN,2010,0.468,SN,Senegal,SN,Western Africa,Africa
166,Senegal,SEN,2011,0.479,SN,Senegal,SN,Western Africa,Africa
166,Senegal,SEN,2012,0.489,SN,Senegal,SN,Western Africa,Africa
166,Senegal,SEN,2013,0.494,SN,Senegal,SN,Western Africa,Africa
166,Senegal,SEN,2014,0.501,SN,Senegal,SN,Western Africa,Africa
166,Senegal,SEN,2015,0.504,SN,Senegal,SN,Western Africa,Africa
166,Senegal,SEN,2016,0.506,SN,Senegal,SN,Western Africa,Africa
166,Senegal,SEN,2017,0.51,SN,Senegal,SN,Western Africa,Africa
166,Senegal,SEN,2018,0.514,SN,Senegal,SN,Western Africa,Africa
181,Sierra Leone,SLE,2010,0.391,SL,Sierra Leone,SL,Western Africa,Africa
181,Sierra Leone,SLE,2011,0.398,SL,Sierra Leone,SL,Western Africa,Africa
181,Sierra Leone,SLE,2012,0.413,SL,Sierra Leone,SL,Western Africa,Africa
181,Sierra Leone,SLE,2013,0.426,SL,Sierra Leone,SL,Western Africa,Africa
181,Sierra Leone,SLE,2014,0.43,SL,Sierra Leone,SL,Western Africa,Africa
181,Sierra Leone,SLE,2015,0.422,SL,Sierra Leone,SL,Western Africa,Africa
181,Sierra Leone,SLE,2016,0.423,SL,Sierra Leone,SL,Western Africa,Africa
181,Sierra Leone,SLE,2017,0.435,SL,Sierra Leone,SL,Western Africa,Africa
181,Sierra Leone,SLE,2018,0.438,SL,Sierra Leone,SL,Western Africa,Africa
113,South Africa,ZAF,2010,0.662,ZA,South Africa,ZA,Southern Africa,Africa
113,South Africa,ZAF,2011,0.663,ZA,South Africa,ZA,Southern Africa,Africa
113,South Africa,ZAF,2012,0.673,ZA,South Africa,ZA,Southern Africa,Africa
113,South Africa,ZAF,2013,0.683,ZA,South Africa,ZA,Southern Africa,Africa
113,South Africa,ZAF,2014,0.691,ZA,South Africa,ZA,Southern Africa,Africa
113,South Africa,ZAF,2015,0.699,ZA,South Africa,ZA,Southern Africa,Africa
113,South Africa,ZAF,2016,0.702,ZA,South Africa,ZA,Southern Africa,Africa
113,South Africa,ZAF,2017,0.704,ZA,South Africa,ZA,Southern Africa,Africa
113,South Africa,ZAF,2018,0.705,ZA,South Africa,ZA,Southern Africa,Africa
71,Sri Lanka,LKA,2010,0.75,LK,Sri Lanka,LK,Southern Asia,Asia
71,Sri Lanka,LKA,2011,0.756,LK,Sri Lanka,LK,Southern Asia,Asia
71,Sri Lanka,LKA,2012,0.762,LK,Sri Lanka,LK,Southern Asia,Asia
71,Sri Lanka,LKA,2013,0.765,LK,Sri Lanka,LK,Southern Asia,Asia
71,Sri Lanka,LKA,2014,0.769,LK,Sri Lanka,LK,Southern Asia,Asia
71,Sri Lanka,LKA,2015,0.772,LK,Sri Lanka,LK,Southern Asia,Asia
71,Sri Lanka,LKA,2016,0.774,LK,Sri Lanka,LK,Southern Asia,Asia
71,Sri Lanka,LKA,2017,0.776,LK,Sri Lanka,LK,Southern Asia,Asia
71,Sri Lanka,LKA,2018,0.78,LK,Sri Lanka,LK,Southern Asia,Asia
168,Sudan,SDN,2010,0.471,SD,Sudan,SD,Northern Africa,Africa
168,Sudan,SDN,2011,0.475,SD,Sudan,SD,Northern Africa,Africa
168,Sudan,SDN,2012,0.485,SD,Sudan,SD,Northern Africa,Africa
168,Sudan,SDN,2013,0.477,SD,Sudan,SD,Northern Africa,Africa
168,Sudan,SDN,2014,0.496,SD,Sudan,SD,Northern Africa,Africa
168,Sudan,SDN,2015,0.501,SD,Sudan,SD,Northern Africa,Africa
168,Sudan,SDN,2016,0.505,SD,Sudan,SD,Northern Africa,Africa
168,Sudan,SDN,2017,0.507,SD,Sudan,SD,Northern Africa,Africa
168,Sudan,SDN,2018,0.508,SD,Sudan,SD,Northern Africa,Africa
,,SWZ,,,SZ,Swaziland,SZ,Southern Africa,Africa
125,Tajikistan,TJK,2010,0.63,TJ,Tajikistan,TJ,Central Asia,Asia
125,Tajikistan,TJK,2011,0.634,TJ,Tajikistan,TJ,Central Asia,Asia
125,Tajikistan,TJK,2012,0.639,TJ,Tajikistan,TJ,Central Asia,Asia
125,Tajikistan,TJK,2013,0.643,TJ,Tajikistan,TJ,Central Asia,Asia
125,Tajikistan,TJK,2014,0.642,TJ,Tajikistan,TJ,Central Asia,Asia
125,Tajikistan,TJK,2015,0.642,TJ,Tajikistan,TJ,Central Asia,Asia
125,Tajikistan,TJK,2016,0.647,TJ,Tajikistan,TJ,Central Asia,Asia
125,Tajikistan,TJK,2017,0.651,TJ,Tajikistan,TJ,Central Asia,Asia
125,Tajikistan,TJK,2018,0.656,TJ,Tajikistan,TJ,Central Asia,Asia
159,Tanzania (United Republic of),TZA,2010,0.487,TZ,Tanzania,TZ,Eastern Africa,Africa
159,Tanzania (United Republic of),TZA,2011,0.492,TZ,Tanzania,TZ,Eastern Africa,Africa
159,Tanzania (United Republic of),TZA,2012,0.501,TZ,Tanzania,TZ,Eastern Africa,Africa
159,Tanzania (United Republic of),TZA,2013,0.503,TZ,Tanzania,TZ,Eastern Africa,Africa
159,Tanzania (United Republic of),TZA,2014,0.509,TZ,Tanzania,TZ,Eastern Africa,Africa
159,Tanzania (United Republic of),TZA,2015,0.519,TZ,Tanzania,TZ,Eastern Africa,Africa
159,Tanzania (United Republic of),TZA,2016,0.518,TZ,Tanzania,TZ,Eastern Africa,Africa
159,Tanzania (United Republic of),TZA,2017,0.522,TZ,Tanzania,TZ,Eastern Africa,Africa
159,Tanzania (United Republic of),TZA,2018,0.528,TZ,Tanzania,TZ,Eastern Africa,Africa
77,Thailand,THA,2010,0.721,TH,Thailand,TH,South-Eastern Asia,Asia
77,Thailand,THA,2011,0.729,TH,Thailand,TH,South-Eastern Asia,Asia
77,Thailand,THA,2012,0.733,TH,Thailand,TH,South-Eastern Asia,Asia
77,Thailand,THA,2013,0.731,TH,Thailand,TH,South-Eastern Asia,Asia
77,Thailand,THA,2014,0.739,TH,Thailand,TH,South-Eastern Asia,Asia
77,Thailand,THA,2015,0.746,TH,Thailand,TH,South-Eastern Asia,Asia
77,Thailand,THA,2016,0.753,TH,Thailand,TH,South-Eastern Asia,Asia
77,Thailand,THA,2017,0.762,TH,Thailand,TH,South-Eastern Asia,Asia
77,Thailand,THA,2018,0.765,TH,Thailand,TH,South-Eastern Asia,Asia
131,Timor-Leste,TLS,2010,0.62,TL,Timor-Leste,TL,South-Eastern Asia,Asia
131,Timor-Leste,TLS,2011,0.627,TL,Timor-Leste,TL,South-Eastern Asia,Asia
131,Timor-Leste,TLS,2012,0.601,TL,Timor-Leste,TL,South-Eastern Asia,Asia
131,Timor-Leste,TLS,2013,0.613,TL,Timor-Leste,TL,South-Eastern Asia,Asia
131,Timor-Leste,TLS,2014,0.608,TL,Timor-Leste,TL,South-Eastern Asia,Asia
131,Timor-Leste,TLS,2015,0.628,TL,Timor-Leste,TL,South-Eastern Asia,Asia
131,Timor-Leste,TLS,2016,0.628,TL,Timor-Leste,TL,South-Eastern Asia,Asia
131,Timor-Leste,TLS,2017,0.624,TL,Timor-Leste,TL,South-Eastern Asia,Asia
131,Timor-Leste,TLS,2018,0.626,TL,Timor-Leste,TL,South-Eastern Asia,Asia
167,Togo,TGO,2010,0.468,TG,Togo,TG,Western Africa,Africa
167,Togo,TGO,2011,0.48,TG,Togo,TG,Western Africa,Africa
167,Togo,TGO,2012,0.484,TG,Togo,TG,Western Africa,Africa
167,Togo,TGO,2013,0.49,TG,Togo,TG,Western Africa,Africa
167,Togo,TGO,2014,0.495,TG,Togo,TG,Western Africa,Africa
167,Togo,TGO,2015,0.502,TG,Togo,TG,Western Africa,Africa
167,Togo,TGO,2016,0.506,TG,Togo,TG,Western Africa,Africa
167,Togo,TGO,2017,0.51,TG,Togo,TG,Western Africa,Africa
167,Togo,TGO,2018,0.513,TG,Togo,TG,Western Africa,Africa
63,Trinidad and Tobago,TTO,2010,0.788,TT,Trinidad and Tobago,TT,Caribbean,Americas
63,Trinidad and Tobago,TTO,2011,0.786,TT,Trinidad and Tobago,TT,Caribbean,Americas
63,Trinidad and Tobago,TTO,2012,0.784,TT,Trinidad and Tobago,TT,Caribbean,Americas
63,Trinidad and Tobago,TTO,2013,0.787,TT,Trinidad and Tobago,TT,Caribbean,Americas
63,Trinidad and Tobago,TTO,2014,0.788,TT,Trinidad and Tobago,TT,Caribbean,Americas
63,Trinidad and Tobago,TTO,2015,0.796,TT,Trinidad and Tobago,TT,Caribbean,Americas
63,Trinidad and Tobago,TTO,2016,0.796,TT,Trinidad and Tobago,TT,Caribbean,Americas
63,Trinidad and Tobago,TTO,2017,0.799,TT,Trinidad and Tobago,TT,Caribbean,Americas
63,Trinidad and Tobago,TTO,2018,0.799,TT,Trinidad and Tobago,TT,Caribbean,Americas
91,Tunisia,TUN,2010,0.717,TN,Tunisia,TN,Northern Africa,Africa
91,Tunisia,TUN,2011,0.719,TN,Tunisia,TN,Northern Africa,Africa
91,Tunisia,TUN,2012,0.721,TN,Tunisia,TN,Northern Africa,Africa
91,Tunisia,TUN,2013,0.725,TN,Tunisia,TN,Northern Africa,Africa
91,Tunisia,TUN,2014,0.728,TN,Tunisia,TN,Northern Africa,Africa
91,Tunisia,TUN,2015,0.731,TN,Tunisia,TN,Northern Africa,Africa
91,Tunisia,TUN,2016,0.736,TN,Tunisia,TN,Northern Africa,Africa
91,Tunisia,TUN,2017,0.738,TN,Tunisia,TN,Northern Africa,Africa
91,Tunisia,TUN,2018,0.739,TN,Tunisia,TN,Northern Africa,Africa
59,Turkey,TUR,2010,0.743,TR,Turkey,TR,Western Asia,Asia
59,Turkey,TUR,2011,0.759,TR,Turkey,TR,Western Asia,Asia
59,Turkey,TUR,2012,0.765,TR,Turkey,TR,Western Asia,Asia
59,Turkey,TUR,2013,0.781,TR,Turkey,TR,Western Asia,Asia
59,Turkey,TUR,2014,0.792,TR,Turkey,TR,Western Asia,Asia
59,Turkey,TUR,2015,0.8,TR,Turkey,TR,Western Asia,Asia
59,Turkey,TUR,2016,0.8,TR,Turkey,TR,Western Asia,Asia
59,Turkey,TUR,2017,0.805,TR,Turkey,TR,Western Asia,Asia
59,Turkey,TUR,2018,0.807,TR,Turkey,TR,Western Asia,Asia
108,Turkmenistan,TKM,2010,0.673,TM,Turkmenistan,TM,Central Asia,Asia
108,Turkmenistan,TKM,2011,0.68,TM,Turkmenistan,TM,Central Asia,Asia
108,Turkmenistan,TKM,2012,0.686,TM,Turkmenistan,TM,Central Asia,Asia
108,Turkmenistan,TKM,2013,0.691,TM,Turkmenistan,TM,Central Asia,Asia
108,Turkmenistan,TKM,2014,0.696,TM,Turkmenistan,TM,Central Asia,Asia
108,Turkmenistan,TKM,2015,0.701,TM,Turkmenistan,TM,Central Asia,Asia
108,Turkmenistan,TKM,2016,0.706,TM,Turkmenistan,TM,Central Asia,Asia
108,Turkmenistan,TKM,2017,0.708,TM,Turkmenistan,TM,Central Asia,Asia
108,Turkmenistan,TKM,2018,0.71,TM,Turkmenistan,TM,Central Asia,Asia
159,Uganda,UGA,2010,0.489,UG,Uganda,UG,Eastern Africa,Africa
159,Uganda,UGA,2011,0.494,UG,Uganda,UG,Eastern Africa,Africa
159,Uganda,UGA,2012,0.497,UG,Uganda,UG,Eastern Africa,Africa
159,Uganda,UGA,2013,0.503,UG,Uganda,UG,Eastern Africa,Africa
159,Uganda,UGA,2014,0.509,UG,Uganda,UG,Eastern Africa,Africa
159,Uganda,UGA,2015,0.515,UG,Uganda,UG,Eastern Africa,Africa
159,Uganda,UGA,2016,0.52,UG,Uganda,UG,Eastern Africa,Africa
159,Uganda,UGA,2017,0.522,UG,Uganda,UG,Eastern Africa,Africa
159,Uganda,UGA,2018,0.528,UG,Uganda,UG,Eastern Africa,Africa
88,Ukraine,UKR,2010,0.732,UA,Ukraine,UA,Eastern Europe,Europe
88,Ukraine,UKR,2011,0.737,UA,Ukraine,UA,Eastern Europe,Europe
88,Ukraine,UKR,2012,0.742,UA,Ukraine,UA,Eastern Europe,Europe
88,Ukraine,UKR,2013,0.744,UA,Ukraine,UA,Eastern Europe,Europe
88,Ukraine,UKR,2014,0.747,UA,Ukraine,UA,Eastern Europe,Europe
88,Ukraine,UKR,2015,0.742,UA,Ukraine,UA,Eastern Europe,Europe
88,Ukraine,UKR,2016,0.746,UA,Ukraine,UA,Eastern Europe,Europe
88,Ukraine,UKR,2017,0.747,UA,Ukraine,UA,Eastern Europe,Europe
88,Ukraine,UKR,2018,0.75,UA,Ukraine,UA,Eastern Europe,Europe
108,Uzbekistan,UZB,2010,0.665,UZ,Uzbekistan,UZ,Central Asia,Asia
108,Uzbekistan,UZB,2011,0.672,UZ,Uzbekistan,UZ,Central Asia,Asia
108,Uzbekistan,UZB,2012,0.681,UZ,Uzbekistan,UZ,Central Asia,Asia
108,Uzbekistan,UZB,2013,0.688,UZ,Uzbekistan,UZ,Central Asia,Asia
108,Uzbekistan,UZB,2014,0.693,UZ,Uzbekistan,UZ,Central Asia,Asia
108,Uzbekistan,UZB,2015,0.696,UZ,Uzbekistan,UZ,Central Asia,Asia
108,Uzbekistan,UZB,2016,0.701,UZ,Uzbekistan,UZ,Central Asia,Asia
108,Uzbekistan,UZB,2017,0.707,UZ,Uzbekistan,UZ,Central Asia,Asia
108,Uzbekistan,UZB,2018,0.71,UZ,Uzbekistan,UZ,Central Asia,Asia
118,Viet Nam,VNM,2010,0.653,VN,Vietnam,VN,South-Eastern Asia,Asia
118,Viet Nam,VNM,2011,0.663,VN,Vietnam,VN,South-Eastern Asia,Asia
118,Viet Nam,VNM,2012,0.668,VN,Vietnam,VN,South-Eastern Asia,Asia
118,Viet Nam,VNM,2013,0.673,VN,Vietnam,VN,South-Eastern Asia,Asia
118,Viet Nam,VNM,2014,0.675,VN,Vietnam,VN,South-Eastern Asia,Asia
118,Viet Nam,VNM,2015,0.68,VN,Vietnam,VN,South-Eastern Asia,Asia
118,Viet Nam,VNM,2016,0.685,VN,Vietnam,VN,South-Eastern Asia,Asia
118,Viet Nam,VNM,2017,0.69,VN,Vietnam,VN,South-Eastern Asia,Asia
118,Viet Nam,VNM,2018,0.693,VN,Vietnam,VN,South-Eastern Asia,Asia
177,Yemen,YEM,2010,0.499,YE,Yemen,YE,Western Asia,Asia
177,Yemen,YEM,2011,0.511,YE,Yemen,YE,Western Asia,Asia
177,Yemen,YEM,2012,0.501,YE,Yemen,YE,Western Asia,Asia
177,Yemen,YEM,2013,0.506,YE,Yemen,YE,Western Asia,Asia
177,Yemen,YEM,2014,0.504,YE,Yemen,YE,Western Asia,Asia
177,Yemen,YEM,2015,0.493,YE,Yemen,YE,Western Asia,Asia
177,Yemen,YEM,2016,0.477,YE,Yemen,YE,Western Asia,Asia
177,Yemen,YEM,2017,0.463,YE,Yemen,YE,Western Asia,Asia
177,Yemen,YEM,2018,0.463,YE,Yemen,YE,Western Asia,Asia
143,Zambia,ZMB,2010,0.531,ZM,Zambia,ZM,Eastern Africa,Africa
143,Zambia,ZMB,2011,0.541,ZM,Zambia,ZM,Eastern Africa,Africa
143,Zambia,ZMB,2012,0.552,ZM,Zambia,ZM,Eastern Africa,Africa
143,Zambia,ZMB,2013,0.559,ZM,Zambia,ZM,Eastern Africa,Africa
143,Zambia,ZMB,2014,0.565,ZM,Zambia,ZM,Eastern Africa,Africa
143,Zambia,ZMB,2015,0.57,ZM,Zambia,ZM,Eastern Africa,Africa
143,Zambia,ZMB,2016,0.58,ZM,Zambia,ZM,Eastern Africa,Africa
143,Zambia,ZMB,2017,0.589,ZM,Zambia,ZM,Eastern Africa,Africa
143,Zambia,ZMB,2018,0.591,ZM,Zambia,ZM,Eastern Africa,Africa
150,Zimbabwe,ZWE,2010,0.472,ZW,Zimbabwe,ZW,Eastern Africa,Africa
150,Zimbabwe,ZWE,2011,0.49,ZW,Zimbabwe,ZW,Eastern Africa,Africa
150,Zimbabwe,ZWE,2012,0.516,ZW,Zimbabwe,ZW,Eastern Africa,Africa
150,Zimbabwe,ZWE,2013,0.527,ZW,Zimbabwe,ZW,Eastern Africa,Africa
150,Zimbabwe,ZWE,2014,0.537,ZW,Zimbabwe,ZW,Eastern Africa,Africa
150,Zimbabwe,ZWE,2015,0.544,ZW,Zimbabwe,ZW,Eastern Africa,Africa
150,Zimbabwe,ZWE,2016,0.549,ZW,Zimbabwe,ZW,Eastern Africa,Africa
150,Zimbabwe,ZWE,2017,0.553,ZW,Zimbabwe,ZW,Eastern Africa,Africa
150,Zimbabwe,ZWE,2018,0.563,ZW,Zimbabwe,ZW,Eastern Africa,Africa
